{"name":"build-javascript","namedChunkGroups":{"app":{"name":"app","assets":[{"name":"webpack-runtime-1a9e37947741494f03f3.js","size":5061},{"name":"framework-207a216f7f20d64accb6.js","size":140775},{"name":"app-8248e3b9af787a59f5d0.js","size":115408}],"filteredAssets":0,"assetsSize":261244,"filteredAuxiliaryAssets":3,"auxiliaryAssetsSize":785231},"component---src-pages-404-tsx":{"name":"component---src-pages-404-tsx","assets":[{"name":"component---src-pages-404-tsx-45a954597051fe1aa7bf.js","size":816}],"filteredAssets":0,"assetsSize":816,"filteredAuxiliaryAssets":1,"auxiliaryAssetsSize":2030},"component---src-pages-index-tsx":{"name":"component---src-pages-index-tsx","assets":[{"name":"styles.4b5046226d676eef56c7.css","size":994},{"name":"c17e5f0dc70bc1e3689973e4772f7168d9521ded-821fb4a43573a02275a8.js","size":22467},{"name":"component---src-pages-index-tsx-ff87508bbd9a3cc1e7a9.js","size":204263}],"filteredAssets":0,"assetsSize":227724,"filteredAuxiliaryAssets":60,"auxiliaryAssetsSize":21534307},"component---src-pages-offers-tsx":{"name":"component---src-pages-offers-tsx","assets":[{"name":"styles.4b5046226d676eef56c7.css","size":994},{"name":"c17e5f0dc70bc1e3689973e4772f7168d9521ded-821fb4a43573a02275a8.js","size":22467},{"name":"component---src-pages-offers-tsx-955e8285bbd9f21cff46.js","size":48498}],"filteredAssets":0,"assetsSize":71959,"filteredAuxiliaryAssets":8,"auxiliaryAssetsSize":898313}},"assetsByChunkName":{"app":["webpack-runtime-1a9e37947741494f03f3.js","framework-207a216f7f20d64accb6.js","app-8248e3b9af787a59f5d0.js"],"component---src-pages-404-tsx":["component---src-pages-404-tsx-45a954597051fe1aa7bf.js"],"component---src-pages-index-tsx":["styles.4b5046226d676eef56c7.css","c17e5f0dc70bc1e3689973e4772f7168d9521ded-821fb4a43573a02275a8.js","component---src-pages-index-tsx-ff87508bbd9a3cc1e7a9.js"],"component---src-pages-offers-tsx":["styles.4b5046226d676eef56c7.css","c17e5f0dc70bc1e3689973e4772f7168d9521ded-821fb4a43573a02275a8.js","component---src-pages-offers-tsx-955e8285bbd9f21cff46.js"]},"childAssetsByChunkName":{}}