{"name":"build-javascript","namedChunkGroups":{"app":{"name":"app","assets":[{"name":"webpack-runtime-3ed5c35ae0ee161b3369.js","size":5061},{"name":"framework-207a216f7f20d64accb6.js","size":140775},{"name":"app-67e6b02740334b584b83.js","size":115408}],"filteredAssets":0,"assetsSize":261244,"filteredAuxiliaryAssets":3,"auxiliaryAssetsSize":785231},"component---src-pages-404-tsx":{"name":"component---src-pages-404-tsx","assets":[{"name":"component---src-pages-404-tsx-45a954597051fe1aa7bf.js","size":816}],"filteredAssets":0,"assetsSize":816,"filteredAuxiliaryAssets":1,"auxiliaryAssetsSize":2030},"component---src-pages-index-tsx":{"name":"component---src-pages-index-tsx","assets":[{"name":"styles.4b5046226d676eef56c7.css","size":994},{"name":"c17e5f0dc70bc1e3689973e4772f7168d9521ded-91b00ad5b23e5e95fd8e.js","size":24641},{"name":"component---src-pages-index-tsx-07fd0400abb4503d7cff.js","size":208204}],"filteredAssets":0,"assetsSize":233839,"filteredAuxiliaryAssets":67,"auxiliaryAssetsSize":22528452},"component---src-pages-offers-tsx":{"name":"component---src-pages-offers-tsx","assets":[{"name":"styles.4b5046226d676eef56c7.css","size":994},{"name":"c17e5f0dc70bc1e3689973e4772f7168d9521ded-91b00ad5b23e5e95fd8e.js","size":24641},{"name":"component---src-pages-offers-tsx-79bff4de709cbd28a4b5.js","size":44544}],"filteredAssets":0,"assetsSize":70179,"filteredAuxiliaryAssets":8,"auxiliaryAssetsSize":278082}},"assetsByChunkName":{"app":["webpack-runtime-3ed5c35ae0ee161b3369.js","framework-207a216f7f20d64accb6.js","app-67e6b02740334b584b83.js"],"component---src-pages-404-tsx":["component---src-pages-404-tsx-45a954597051fe1aa7bf.js"],"component---src-pages-index-tsx":["styles.4b5046226d676eef56c7.css","c17e5f0dc70bc1e3689973e4772f7168d9521ded-91b00ad5b23e5e95fd8e.js","component---src-pages-index-tsx-07fd0400abb4503d7cff.js"],"component---src-pages-offers-tsx":["styles.4b5046226d676eef56c7.css","c17e5f0dc70bc1e3689973e4772f7168d9521ded-91b00ad5b23e5e95fd8e.js","component---src-pages-offers-tsx-79bff4de709cbd28a4b5.js"]},"childAssetsByChunkName":{}}