{"name":"build-javascript","namedChunkGroups":{"app":{"name":"app","assets":[{"name":"webpack-runtime-9546cecec0b9c603f020.js","size":5061},{"name":"framework-207a216f7f20d64accb6.js","size":140775},{"name":"app-8248e3b9af787a59f5d0.js","size":115408}],"filteredAssets":0,"assetsSize":261244,"filteredAuxiliaryAssets":3,"auxiliaryAssetsSize":785231},"component---src-pages-404-tsx":{"name":"component---src-pages-404-tsx","assets":[{"name":"component---src-pages-404-tsx-45a954597051fe1aa7bf.js","size":816}],"filteredAssets":0,"assetsSize":816,"filteredAuxiliaryAssets":1,"auxiliaryAssetsSize":2030},"component---src-pages-index-tsx":{"name":"component---src-pages-index-tsx","assets":[{"name":"styles.4b5046226d676eef56c7.css","size":994},{"name":"c17e5f0dc70bc1e3689973e4772f7168d9521ded-77a3bd0e44fdf50ebed8.js","size":23014},{"name":"component---src-pages-index-tsx-cac6bd74fb33458673a0.js","size":206758}],"filteredAssets":0,"assetsSize":230766,"filteredAuxiliaryAssets":65,"auxiliaryAssetsSize":21722003},"component---src-pages-offers-tsx":{"name":"component---src-pages-offers-tsx","assets":[{"name":"styles.4b5046226d676eef56c7.css","size":994},{"name":"c17e5f0dc70bc1e3689973e4772f7168d9521ded-77a3bd0e44fdf50ebed8.js","size":23014},{"name":"component---src-pages-offers-tsx-955e8285bbd9f21cff46.js","size":48498}],"filteredAssets":0,"assetsSize":72506,"filteredAuxiliaryAssets":8,"auxiliaryAssetsSize":899307}},"assetsByChunkName":{"app":["webpack-runtime-9546cecec0b9c603f020.js","framework-207a216f7f20d64accb6.js","app-8248e3b9af787a59f5d0.js"],"component---src-pages-404-tsx":["component---src-pages-404-tsx-45a954597051fe1aa7bf.js"],"component---src-pages-index-tsx":["styles.4b5046226d676eef56c7.css","c17e5f0dc70bc1e3689973e4772f7168d9521ded-77a3bd0e44fdf50ebed8.js","component---src-pages-index-tsx-cac6bd74fb33458673a0.js"],"component---src-pages-offers-tsx":["styles.4b5046226d676eef56c7.css","c17e5f0dc70bc1e3689973e4772f7168d9521ded-77a3bd0e44fdf50ebed8.js","component---src-pages-offers-tsx-955e8285bbd9f21cff46.js"]},"childAssetsByChunkName":{}}